Title,Author,Goodreads Rating
Harry Potter and the Deathly Hallows,J.K Rowling,4.63
The Book Thief,Markus Zusak,4.37
1984,George Orwell,4.17
Atlas Shrugged,Ayn Rand,3.68
Only Time Will Tell,Jeffery Archer,4.07
Chronicles of Narnia,C.S Lewis,4.25
Twilight,Stephenie Meyer,3.58
The Monk Who Sold His Ferrari,Robin Sharma,4
Alchemist,Paulo Coelho,3.85
Life Comes From Life,Swami Prabhupada,3.96
Jungle Book (easy english),Rudyard Kipling,3.93
Stories from Shakespeare (abridged),-,3.74
Secret ,Rhonda Bryne,4.13
How to win friends and influence people,Dale Carnegie,4.18
Claudine at St. Calre's ,Enid Blyton,4.1
World Great Speeches,-,3.98
Children Treasury of Immortal Classics,-,3.83
A woman of Substance,Barbara Taylor Bradford,4.17
Murder in the Mews,Agatha Christie,3.76
7 habits of highly effective people,Stephen Covey,4.08
7 habits of highly effective teenagers ,Sean Covey,4.03
Mouse in space,Geronimo Stilton,4.25
A fabumouse vacations for Geronimo,Geronimo Stilton,4.17
Cavemice The Stone of Fire,Geronimo Stilton,4.16
"Geronimo Stilton, secret Agent",Geronimo Stilton,4.25
The Race across America,Geronimo Stilton,4.15
The mystery of Missing man,Enid Blyton,3.94
Wintercraft,Jenna Burtenshaw,3.64
The mystery of Missing necklace,Enid Blyton,3.97
The Swiss Family Robinson,Johann Wyss,3.92
the captain underpants extra crunchy book o fun,dav pilkey,4.05
A brief history of time,Stephen Hawking,4.16
Great Short Stories,Anton Chekov,3.68
The story of my life,M.K Gandhi,4.08
Chicken Soup for the teenage soul: The real Deal,-,3.91
Scoop,Kuldip Nayar,3.86
Love among the haystacks and other stories,D.H. Lawrence,3.53
Love Story,Erich Segal,3.61
A Fathers gift to his Daughter,Mohinder M. Monga,0
The Go- Giver,Bob Burg and John David Mann,4.28
No Body's Perfect,Kimberly Kirberger,3.98
The Book of Tomorrow,Cecelia Ahern,3.66
Little Women,Louisa May Alcott,4.06
Billionaire Boy- Mark Zuckerberg,-,3
White Fang,Jack London,3.96
Khushwant Singh's joke book,Khushwant Singh,3.46
The 3 mistakes of my life,Chetan bhagat,2.99
Revolution 2020,Chetan bhagat,3.09
I too had a love story,Ravinder Singh,3.64
Wuthering heights,Emily Bronte,3.84
The diary of a young girl,Anne Frank,4.12
Digital fortress*(not original),Dan Brown,4.1
Win @ Work,-,3.46
Become a complete champion,Michael J herman,3.6
Plays,Chekhov,4.23
The princess diaries 1 &2,Meg cabot,3.78
Charting your career goals,Ali Khwaja,0
The girl with dragon tatoo ,Steig Larrson,4.13
Blink,Malcolm Gladwell,3.92
Tipping Point,Malcolm Gladwell,3.95
Theory of Everything,Stepehn hawking,4.14
Thumbelina ,,4.11
Oliver twist ,Charles Dickens ,3.86
just so stories,Rudyard Kipling,4.09
I Moved Your Cheese,Darrel Bristow-Bovey,3.21
Hello Mr Twiddle,Enid Blyton,4
The Secret Seven (blue),Enid Blyton,3.66
The Secret Seven (green),Enid Blyton,3.42
The Famous Five - Five on a hike together,Enid Blyton,3.97
Naughty Amelia Jane,Enid Blyton,3.85
Best stories For seven Year Olds,Enid Blyton,4.06
Collection Of Stories,,4.12
Heidi,Johanna Spyri,3.98
Face The Music,Hannah Montana,3.68
The Mystery Of The Burnt Cottage,Enid Blyton,4.08
The Naughtiest Girl Keeps A secret,Blyton/ Anne Digby,4.04
The Memoirs Of Sherlock Holmes,Sir Doyle,4.32
The Adventures Of Huckleberry Finn,Mark Twain,3.81
Robinson Crusoe,Daniel Defoe,3.66
Goosebumps - Say Cheese And Die,R.L.Stine,3.74
The Lucky One,Nicholas Sparks,4.11
Al Capone Does My Shirts,Gennifer Choldenko,3.84
Two Of A Kind - It's A Snow Problem,Mary-Kate and Ashley,3.71
The Teen Model Mystrey - Nancy Drew ,Carolyn Keene,3.79
Stay Hungry Stay Foolish,Rashmi Bansal,3.65
I Have A Dream,Rashmi Bansal,3.69
Connect The Dots,Rashmi Bansal,3.74
Tuesdays with Morrie,Mitch Albom,4.09
The Present,Spencer Johnson,4.22
Success Secrets,Merrill Douglas,4.07
The Monk Who Sold His Ferrari,Robin Sharma,4
Outliers,Malcolm Gladwell,4.13
How I braved Anu aunty...,Varun Agarwal,3.71
What Young India Wants,Chetan Bhagat,3.27
Revolution 2020,Chetan Bhagat,3.09
Zero Percentile 2.0,Neeraj Chhiba,2.88
Five point someone,Chetan Bhagat,3.43
Manorama 2012,-,4.35
Tell Me Why,Manorama,4
Mystery Stories - 3 in 1,Enid Blyton,3.78
More Shakespeare Stories For Children,William Shakespeare,3.39
Swami Vivekananda,-,4.36
The Hardy Boys,Franklin W Dixon,3.9
Awesome Facts About Animals,-,5
Panchatantra (moral Stories) 1,-,0
Tales Of Wisdom,Prof. A.P.Talwar,3.94
World Famous Unsolved Mystries,Pustak Mahal,3.77
Amazing Science Experiments,Goodwill,3.25
Twilight - Breaking Dawn,Stephenie Meyer,3.7
Double Cross,Malorie Blackman,4
Scorpia Rising,Anthony Horowitz,4.29
Possesions,Nancy Holder,3
Changing Grooms,sasha wagstaff,3.85
Besties,cathy Hopkns,3.32
Crocodile Tears,Anthony Horowitz,4.18
Girl Most Likely to,Poonam Sharma,3.69
The Notebook,Nicholas Sparks,4.08
The Hit,David Baldacci,4.08
2 states,Chetan Bhagat,3.42
Sense and sensibility,Jane Austen,4.06
Julie and Julia,Julie Powell,3.7
I'll be seeing You,Mary Higgins Clark,3.81
Accident,Danielle Steel,3.95
tuesdays with Morrie,Mitch Albom,4.09
The last lecture,Randy Pausch,4.26
Better eyesight without glasses,"W.H.Bates, M.D.",3.61
"Tough Times Never last, But tough People Do",Robert H. Schuller,4.21
Who Will Cry When You Die?,Robin Sharma,4.17
The Testament,John Grisham,3.85
The Summons,John Grisham,3.69
A Time To Kill,John Grisham,4.05
Hind's Feet On High Places,Hannah Hurnard,4.3
How to win Any Argument,Robert Mayer,0
Katha - Prize Stories,,4.14
Reader's Digest,,3.96
The Mists Of Avalon,Marion Zimmer Bradley,4.12
Collection Of 4 books,,4.46
In High Places,Arthur Hailey,4.3
Check Your Own I.Q.,H.J.Eysenck,3.62
"The bachelor,The baby and the beauty",vicotria pade,3.88
Imprisioned by a vow,Mills and boon,3.69
Dewdrops at dawn,Sahana Sankaran,2.92
The sheikh's destiny,Olivia gates(Mills and boon),3.42
The rings that bind,Michelle smart(mills and boon),3.37
A spanish awakening,Kim lawerence(Mills and boon),3.4
The billionaire's captive bride,Emma Darcy(Mills and Boon),3.4
A beauty uncovered,Andrea Laurence(Mills and Boon),3.66
Temptation on his terms,Robyn Grady(Mills & Boon),3.6
the Desert Sheikh's Captive Wife,Lynne Graham(Mills & Boon),3.57
Passion becomes you,Michelle reed(Mills and Boon),3.62
Rebel Baron,Shirl Henke,4.15
Roses for christmas,Betty Neels,3.97
The pregnancy proporsal,Helen Bianchin,3.3
Reader's Digest,-,3.96
Semester economics,"Appannaih, Redddy and Shanti",0
Statistics(1 pu),Raj Mohan,4.34
Reading and interpreting text(sem 1& 2),MCC,4.34
Texts and contexts,MCC,3.74
Stay Hungry Stay Foolis,Rashmi Bansal ,3.65
Statistics(2 pu),Raj mohan,4.36
Income Tax,"Gaur, Rajeev puri",4.13
Fondation programme,Csi,0
English and Business communication,CSI,3.76
Company law,Csi,3.74
The Adventurous Four - Shipwrecked!,Enid Blyton,3.93
The Rubadub Mystery,Enid Blyton,3.97
Return to the mystery series - 3 in 1,Enid Blyton,4.31
The Famous Five - 3 in 2,Enid Blyton,4.16
The Amber Spyglass,Philip Pullman,4.08
The Adventures Of Sherlock Holmes,Sir Arthur Conan Doyle,4.31
"Dear dumb diary, my pants are haunted",Jim Benton,4.02
No Boys Allowed,Marilyn Levinson,3.61
Mary-Kate and Ashley- Unicorn Mystery,,3.48
Steve Jobs : The man whi thought different,Karen Blumenthal,3.95
The Grand Design,"Stephen Hawking and
Leonard Mlodinow",4.03
Brida,Paulo Coelho,3.47
I have a dream,Rashmi Bhansal,3.69
Beautiful Creatures,Lulu Taylor,3.76
Visual Dictionary,,4.24
the abduction,John Grisham,3.48
Half the Man twice the Lawyer,John Grisham,3.78
adventure stories,book palace,3.9
reap what you sow,diwakar chitra katha,4.64
the gita,amar chitra katha,4.12
play of fate,diwakar chitra katha,3.78
the sting of word,diwakar chitra katha,0
the seven wonders of the modern world,navneet publication,4.75
David copperfield(classics illustrated),Charles Dickens,3.82
les miserables( classic illustrated),Victor hugo,4.36
Gullivers travels(classic illustrated),Jonathan swift,3.56
Dr.jekyll and mr. hyde(classic illustrated),r.l. stevenson,3.8
The odyssey(classic illustrated),homer,3.75
cyrano de bergerac(classic illustrated),Edmond rostand,4.06
Uncle tom's cabin(classic illustrated),Harriet beecher stowe,3.85
hamlet(classic illustarted),William shakespeare,3.77
crime and punishment(classic illustrated),Fyodor Dostoyevsky,4.2
Moby dick(classic illustrated),herman melville,3.49
the illiad(classic illustrated),homer,3.74
a journey to the center of the earth(classsic ),Jules verne,3.85
Ivanhoe(classic illustrated),Sir walter scott,3.75
Science quiz,Ajay rai,5
charlie & the chocolate,Roald dahl,4.12
Hardy boys(hidden mountain,franklin w. dixon,3.82
nancy drew notebooks,Carolyn keene,3.8
book of knowledge,,4.46
wayside school gets a little stranger,louis sachar,4.19
homeopathy for childeren,Dr.j.v mehta,3.75
Time management,Robert w bly,4.07
swami vivekananda,,4.36
magical science,eric ladizinsky,4.25
new horizons science,,3.97
tricks and optical illusions,,0
"To sir, with love",E.R. Braithwaite,4.16
Algebra can be fun,mir publishers,3.92
the power of positive thinking,norman vincent peale,4.11
The giver,lois lowry,4.12
 the secrets of droon( the moon scroll),tony abbott,3.96
triple,ken follett,3.83
parables,swami chinmayananda,4.15
the dogs of war,frederick forsyth,3.97
The last song,nicholas sparks,4.15
Dont give up the ghost,,3.2
The computer nut,betsy byars,3.43
The secrets of droon(The tower of the elf king),Tony abbot,3.89
The secret seven ,enid blyton,3.86
1914(August),solzhenitsyn,4.12
Tales and legends of india,Eliane king,3.68
Crash,jerry spinelli,4.03
miss shumway waves a hand,James H chase,3.72
Charlie and the great glass elevator,Roald dahl,3.66
The Bfg,Roald dahl,4.22
The story of my life(helen keller),-,4.5
HP and chamber of secrets,J k rowling,4.27
Ten great mysteries,Edgar Allan poe,4.13
Jonathan livingston seagull,Richard bach,3.82
Secret 7(puzzle for secret 7) vol 10,enid blyton,3.99
checking your grammar,marvin terban,4.06
Tell me how,-,4.45
The little guide to Big Changes,Sarah M. Collins,4.15
Winter Carnival,Kate William,3.75
The Stars Shine Down ,Sidney Sheldon,3.67
Christmas Bride,Marie Farrarella,3.94
The last song,Nicholas Sparks,4.15
Brain Teasers,-,3.46
1001 Science Questions Answered,Reader's Digest,4.48
"Not a Penny More, Not a Penny less",Jeffrey Archer,4.02
The Templar Legacy,Steve Berry,3.82
"Shall we tell the president, Kane & Abel",jeffrey Archer,3.72
The Door in the wall,Marguerite De Angeli,3.74
The 7 Habits Of highly Effective People,Stephen R Covey,4.08
Paths Of Glory,Jeffrey Archer,3.91
The Zahir,Paulo Cohelo,3.57
the rain maker ,john grisham,3.18
"The Firm, The Pelican Brief",John Grisham,4.15
Grand Canyon Country,National Geographic,4
Ignited Minds,APJ Abdul Kalam,3.96
Say It Right The First Time,Loretta Malandro,3.68
You Can Win,Shiv Khera,3.86
Wizard And Glass,Stephen King,4.25
The Pillars Of The Earth,Ken Follett,4.31
The Murder Of Roger Ackroyd,Agatha Christie,4.23
The Fifth Mountain,Paulo Coelho,3.62
The Alchemist,Paulo Coelho,3.85
The High Performance Entrepreneur,Subroto Bagchi,3.8
Nikon D40 D40x Digital Field Guide,David D Busch,3.75
The great book of puzzles and teasers,George J Summers,3.59
USA ,,3.83
Hindi Shabdkosh,,4
The Land And Wildlife Of Eurasia,,4
Exams are easy,,3.33
The valkyries,Paulo coelho,3.31
Tax laws,,5
financial services,gupta and agarwal,4.23
Company accounts & cost & management,,4.37
financial markets,gupta & agarwal,4.1
Chicken soup for soul at work,,3.88
Lectures on physics,Feynman,4.6
Atlas Shrugged,ayn rand,3.68
Anna karenina & stories,leo tolstoy,4.04
Ultimate visual dictionary,,4.27
1001 science questions answered,,4.48
One man's courage,Commando,3.82
Get Those Guns,Commando,4.5
Fire!,Commando,4.29
The Final target,Commando,3.93
Fighting Partners,Commando,4.33
WhirlWind,Commando,4.1
Advance!,Commando,3.89
His Majesty's Schooner,Commando,2.5
Homeward Bound,Commando,3.66
Behind The Lines,Commando,4.29
To the Rescue,Commando,4.1
Lion heart,Commando,4.03
Chance for Glory,Commando,4.09
Nazi Hunt,Commando,3.75
Dead or Alive,Commando,4.02
Man Of Mystery,Commando,3.78
One False Move,Commando,3.96
Counter Attack,Commando,3.74
The Die Hard,Commando,3.47
Project management,Andy Bruce and Ken Langdon,3.69
Where the Heart Leads,Terry Hall,3.92
The Story of Jesus,,3.78
Secret Seven Win Through,Enid Blyton,3.84
The Other Side Of Midnight,Sidney Sheldon,3.91
Spy vs Spy,Prohias,4.2
Power of The Sword,Wilbur Smith,4.09
Shorthand Instructor,Isaac Pitman,0
Archie's Double Digest,Archie Digest,4.2
Laugh,Archie Digest,4.12
Laugh,Archie Digest,4.12
Archie's Double Digest no. 17,Archie Digest,4.25
Tinkle Digest vol 7 no. 1,Tinkle,4.5
The Secret Conspiracy,Fauladi Singh,3.36
Tinkle,Tinkle,3.96
Battler Britton,,3.41
Hopeless Hope,Mandy,4.31
Just Seventeen,Toyah,4
The War game,,4.32
Claws of the Killer,Indrajal Comics,2.69
Jackie Joker$,Richie Rich ,4.14
The Slave Runners,Indrajal Comics,3
Shrenik and the Hidden Truth,Amar Chitra Katha,3.4
Superman no. 6,Action Comics,3.86
The fist of fate,Indrajal Comics,4
The maze of Hurdles,Indrajal Comics,3.5
The Ramayana,Amar Chitra Katha,4.11
Laurel and Hardy no. 11,Laurel and Hrady,0
Tipu Sultan,Amar Chitra Katha,4.02
Chic Young's Blondie,Falcon Comics,3
The Great Escape,BSI Comics,4.24
Valmiki,Amar Chitra Katha,4.11
The Golden Talisman,Indrajal Comics,4
Claws of the Killer,Indrajal Comics,2.69
The Innocent Victims,Indrajal Comics,3.46
The Savage family,Indrajal Comics,4.14
Rishyasringa,Adarsh Chitra Katha,0
Mahabharata,Amar Chitra Katha,4.3
The Infuriated Ghost,Indrajal Comics,4.5
The Two Ronnies,Star,3.93
Personal Excellence,Ken Shelton,4.05
Harry Potter and Chamber of Secrets,J K Rowling,4.41
Harry Potter and Deathly Hallows,J K Rowling,4.63
Harry Potter and Goblet of Fire,J K Rowling,4.55
Harry Potter and the half blood prince,J K Rowling,4.56
White Tiger,Aravind Adiga,3.73
No Doctors Please,Lydia Balman (Mills and Boon),4.5
The Devils Pawn,Yvonne Whittal (Mills and Boon),3.78
Rules of the Game,Penny Jordan (Mills and Boon),3.46
Meeting at Midnight,Flora kidd (Mills and Boon),3.14
The silver veil ,Margaret Way (Mills and Boon),2.71
California Dreaming,Sara Francis (Mills and Boon),3.85
An independent Woman,Clarie Harrison (Mills and Boon),3.8
Jungle of Desire,Flora kidd (Mills and Boon),3.22
The devil's advocate,vanessa James (Mills and Boon),4
One of the boys,Janet Dailey (Mills and Boon),3.57
Ever after,vanessa James (Mills and Boon),4.45
Dance on my heart,Barbara Cartland,3.08
AromaTherapy,Julie sadler,4.3
A treasure trove of short stories,,4.54
Total Geography,Rachel and Sequira,3.93
As You Like it,Shakespeare,3.83
Total English 10,Pamela Pinto,3.74
2 states,Chetan Bhagat,3.42
More Puzzles,Shakuntala Devi,3.94
Jonathan Livingston Seagull a story,Richard Bach,3.82
Hard to Solve Brainteasers,Jamie and Lea Poniachik,4.5
Baffling whodunit Puzzles,Jim Sukach,3.9
Oliver Twist,Charles Dickens,3.86
Gone With The Wind,Margaret Mitchell,4.29
Ivanhoe,Sir Walter Scott,3.75
The Last Juror,John Grisham,3.86
Artemis Fowl and the lost colony,Eoin Colfer,4
Battle for Bittora,Anuja Chauhan,3.64
The Krishna Key,Ashwin Sanghi,3.51
The Broker,John Grisham,3.78
A Thousand Splendid Suns,Khaled Hossein,4.36
The Da Vinci Code,Dan Brown,3.82
The King Of Torts,John Grisham,3.67
When Eight Bells Toll,Alistair Maclean,3.97
Eat Pray Love,Elizabeth Gilbert,3.54
P.S I Love You,Cecilia Ahern,3.77
The adventures of sherlock holmes,Sir arthur Canon Doyle,4.31
Tinkle,,3.96
Adventure on the island,,3.83
World cup 2011 (cricket),Manish kumar,5
Short stories for children,B g ramesh,4.38
More Puzzles,Shakuntala Devi,3.94
Mahavir,Jyotsna Bharti,3.99
Wills book of excellence: Cricket,-,4.75
Gulliver's Travels ,Johnathan Swift,3.56
Jawaharlal Nehru,,4
Graded English Part 2,,4.01
Graded English Part 3,,4.01
Stories For Children,,4.21
The Prince Of Egypt,,4.39
Curious George Gets a Medal,H.A.Rey,4.2
Robinson Crusoe ,Daniel Defoe,3.66
Treasure Island,Robert Louis Stevenson,3.83
Pachatantra - The Dullard And Other Stories,,4.21
Drummer Boy,,4.24
Cinderella,,4.27
Around The World in 80 Days,,3.92
william shakespeare,Vidya ravindra,3.74
Right into Grammar(4),U Tarabanov,4.42
the famous five-five go to smugglers top(4),enid blyton,4.05
Cat o'nine tales,Jefrey archer,4
Amazing jokes,B G Ramesh,2.67
Nancy Drew and teen model mystery,Carolyn Keene,3.79
Right into Grammar(3),U Tarabanov,3.94
How? What ? Why ?,vol 6,4.07
How ? What ? Why ?,vol8,4.07
How ? What ? Why ?,vol 7,4.07
How ? What ? Why ?,Vol 4,4.07
The Secret Adversary,Agatha christie adapted by Francois riviere,3.84
panchatantra,,4.21
Children's treasury of fairy tales 8,,4.13
Gulliver's travels ,Dhingra's,3.56
The Arabian Nights 4,,3.22
The Mini Treasure Chest of Great Fairy Tales,Tormont,4.25
Akbar-birbal,,4.01
Upside down Ears,Neil Connelly,4.71
Noddy(fire engine to rescue),enid blyton,3
Fret & Polly,,3.8
The first prize carrot,Neil Connelly,4.57
A tale told Twice,Neil Connelly,4.33
Rapunzel,,3.87
Snow white and Rose Red,,3.75
A painted house,John GrishAm,3.69
Right into Grammar,Margaret Franklin,3.5
Sea of Poppies,Amitav Ghosh,3.94
Four Stories from Shakespeare,,3.89
Car museum,Dr. D Veerendra,0
Read & tick workbook,,3.88
General knowledge 2003,,3.92
Kane and Abel,Jefrey archer,4.29
Spellbinder,Harold Robbins,3.77
Bunny Magic,Neil Connelly,4.33
Uncle tom's cabin,Harriet Beecher Stowe,3.85
the invisible man,H.G.Wells,3.85
Walk of faith,,3.92
The Road to Gandolfo,Robert Ludlum,3.64
Tom Sawyer,Mark Twain,3.9
Short stories for children,,4.38
Famous Five - Five go off in a caravan,Enid Blyton,3.99
Famous Five - Five go to  Smugglers Top,Enid Blyton,4.05
The Da Vinci Code,Dan Brown,3.82
Game of Thrones,George R R Martin,4.45
Clash of Kings,George R R Martin,4.41
Dance with dragons,George R R Martin,4.32
A feast for Crows,George R R Martin,4.12
Only time will tell,Jeffery Archer,4.07
At first sight,Nicholas Sparks,3.79
Twelve Red Herrings,Jeffery Archer,3.75
Madagascar-Movie Novel,-,3.54
Jataka Tales - Jackal Stories,Amar Chitra Katha,3.97
To Cut A Long Story Short,Jeffery Archer,3.74
A Company Of Swans,Eva Ibbotson,3.98
General Knowledge,Sri Radhkrishna Prakashna,3.52
English Composition For Junior Classes,H&C,0
A Book Of English Idioms,V. H. Collins,3.89
The Naked Face,Sidney Seldon,3.52
After the Darkness,Sidney Seldon,3.69
And thereby hangs a tale,Jeffrey Archer,3.69
The Memory Keeper's Daughter,Kim Edwards,3.65
Five point someone,Chetan Bhagat,3.43
Homecoming,Bernard Schlink,4.04
The Perks of being a Wallflower,Stepehen Chbosky,4.2
How to interpret your dreams,,4.67
The power of the possuble,Auriela McCarthy,3.62
A study in scarlet and the sign of four(Sherlock Holmes),Sir Arthur Conan Doyle,4.51
The Secret,Rhonda Byrne,4.13
Puzzles to puzzle you,Shakuntala Devi,3.94
Invincible thinking,Ryuho Okawa,3.33
Classic Short Stories,Leo Tolstoy and others,3.74
Facts and Figures of Number,,4
Check Your Own I.Q.,H.J.Eysenck,3.62
Better eyesight without glasses,"W.H.Bates, M.D.",3.61
Lord of the Rings,J.R Tolkien,4.49
The 3 mistakes of my life,Chetan bhagat,2.99
One night @ the call center,Chetan bhagat,2.49
"The Ghost, Sacrifice, The Man in the Picture, Power Play",Select Editions RD,3.6
Wuthering heights,Emily Bronte,3.84
Animal farm,George Orwell,3.91
Picture of Dorian gray,Oscar Wilde,4.07
The Old man And The Sea,Hemingway,3.75
Pollution,N. Seshagiri,4.05
The 5 Find Outers - The mystery of Banshee Towers,Enid Blyton,3.99
Eight O' Clock tales,Enid Blyton,3.79
Children's book of Flags,-,3.85
Nancy Drew and The Treasure in royal tower,Carolyn keene,3.9
The Saddle Club- Horse talk,Bonnie Bryant,3.76
The Return of Tarzan,Edgar Rice Burroughs,3.81
Vivekananda speaks to you,-,4.64
Nancy Drew and Hardy boys Super Sleuths,Carolyn keene and franklin Dixon,3.66
The Naughtiest girl - is a monitor,Enid Blyton,4
Secret seven on the trail,Enid Blyton,3.82
The Rilloby Mystery,Enid Blyton,3.94
The treasure hunt ,Christine Gomez,3.75
Selected stories of Sherlock Holmes,Sir Arthur Conan Doyle,3.98
A book of naughty Children,Enid Blyton,3.92
The Mystery Club - Deadly Games,Fiona kelly,3.61
Sweet valley High - The Wedding,Francine Pascal's,3.53
The 5 Find Outers - The mystery of Spiteful Letters,Enid Blyton,4.02
The River of Adventure,Enid Blyton,4.04
The Present,Spencer Johnson,4.22
Success Stories,RD collection,4.13
You can Negotiate anything,Herb Cohen,3.85
How to win any argument,Robert Mayer,0
Personal Excellence,Ken Shelton,4.05
Yoga,Vivekanand Kendra Prakashan,4.33
Mein Kampf,Adolf Hitler,3.15
Bringing up kids,RD collection,4.2
A story of my life,MK gandhi,4.08
Tatia Tope,Bharata Bharati,4.57
Alice In Wonderland,Disney,4.03
Love & Marriage,,3.54
Tinkle,,3.96
Great Short Stories,,3.68
Why Vegetarianism,,3.38
Heaven On Earth,Rev. Nandiyashasriji,4.14
The Mind and its control,Swami Budhananda,4.42
How to survive Your Money problems,katherine Whitehorn,3.64
The Greatest: My own story. Muhammad Ali,Richard Durham,4.21
English Made Easy,V.H. Baskaran,4.33
Heidi,Johanna Spyri,3.98
Goosebumps Ten Spooky Stories,R.L.Stine,3.98
The Mystery Of The Hidden House,Enid Blyton,3.98
Roar Your Way to Excellence,Swami Sukhabodhananda,4
Fever,Robin Cook,3.91
Himalayan Blunder,Brig J P dalvi,4.26
Microsoft Office System 2003 edition,"prentice Hall/ Michael J Young, Maichael halvorson",0
"Hardy Boys, Ghost stories",Franklin W. Dixon,3.72
Kafka on the shore,Haruki Murakami,4.14
Half Girlfriend,Chetan Bhagat,3.16
Angel Of the Dark,Sidney Sheldon(Tilly Bagshawe),3.74
Brida,Paulo Coelho,3.47
What Young India Wants,Chetan Bhagat,3.27
2 states,Chetan Bhagat,3.42
2 states,Chetan Bhagat,3.42
Revolution 2020,Chetan bhagat,3.09
Indecent Exposure,David McClintick,4.1
Deception,Philip Roth,3.7
One night @ the call center,Chetan bhagat,2.49
"Illusions, The adventures of a reluctant Messiah",Richard Bach,4.15
The Impossible is possible,John Mason,4.14
Caught in the Light,Robert Goddard,3.93
Endless Night,Agatha Christie,3.76
The Racketeer,John Grisham,3.81
Swami Vivekananda- awakener of Modern india,R. ramakrishnan,4
Voice of Vivekananda,Ramakrishna Math,4.67
The Great Short Stories,Guy De Maupassant,3.68
Kramer versus Kramer,Avery Corman,3.84
Thus spake Vivekananda,Ramakrishna Math,4.15
Broken Wings,Virginia Andrews,3.92
Vivekananda speaks to you,Ramakrishna Math,4.64
Swami Vivekananda- His life and Legacy,Swami Tapasyananda,4.31
Vivekananda writes to you,Ramakrishna Math,4.86
Kane and Abel,Jeffrey Archer,4.29
The Burning Shore,Wilbur Smith,4.18
Yours until Dawn,Teresa Medeiros,4.09
The Perfect Seduction,Leslie Lafoy,4.04
Jaws,Peter Benchley,3.97
Genevieve,Cristobal Schmidt,4.13
Nancy Drew- case of the twin Teddy Bears,Carolyn Kleene,3.86
The Liberation of Planet Earth,Hal Lindsey,3.27
High School English Grammar and Composition,Wren and Martin,4.14
Alice's Adventures In Wonderland,Lewis caroll,4
Mr. Meddle's Mischief,Enid Blyton,3.96
Adventures in Thailand,Anthony M Alessi,3.66
Thank You jeeves,P.G Wodehouse,4.25
The GodFather,Mario Puzo,4.37
The Hades Factor,Robert Ludlum and gayle Lynds,3.88
Angels and Demons,Dan brown,3.88
The Firm,John grisham,4
The Alchemist,Paulo Coelho,3.85
City of Gold,Len Delighton,4.06
Only Love,Erich Segal,4.02
Silent Honour,Danielle Steel,3.99
Irresistible Forces,Danielle Steel,3.64
Hardy Boys-The house on the Cliff 2,Franklin W Dixon,3.9
Hardy Boys- The tower Treasure 1,Franklin W Dixon,3.9
Hardy Boys- The Secret of the Old Mill 3,Franklin W Dixon,3.85
The Love Trap,Barbara Cartland,3.97
Skipping Christmas ,John Grisham,3.48
At First Sight,Nicholas Sparks,3.79
Seizure,Robin Cook,3.57
Power of a woman,Barbara Taylor Bradford,4.4
Gossip Girl,Annabelle Vestry,3.51
A bend in the Road,Nicholas Sparks,4.03
Spouse,Shobhaa De,3.1
Lajja,Taslima Nasrin,3.47
The Lost Symbol,Dan Brown,3.69
The Island,Peter Benchley,3.83
The Walking Dead,Gerald Seymour,4.44
New Moon,Stephenie Meyer,3.53
Brisingr,Christoher paolini,4.05
The Tennis party,Sophie Kinsella,2.99
34 Bubblegums and Candies,Preeti Shenoy,3.31
The Last Don,Mario Puzo,3.82
Swimming Pool Sunday,Sophie Kinsella,3.28
No Greater Love,Danielle Steel,3.95
The Secret of Nagas,Amish,4.02
The Promise,Danielle Steel,4.34
The House on Hope Street,Danielle Steel,3.87
A pelican at Blandings,P G Wodehouse,4.17
The Sands of Time,Sidney Sheldon,3.74
Cat and Mouse,james Patterson,3.98
The Night of January 16th,Ayn Rand,3.59
Emmas Secret,Barbara Taylor Bradford,3.75
Six Graves to munich,Mario Puzo,3.57
How Opal Mehta got kissed Got Wild and Got a life,Kaavya Vishwanathan,2.82
The Host,Stephenie Meyer,3.84
The short second life of bree tanner,Stephenie Meyer,3.5
The Immortals Of Meluha,Amish,4.05
eragon,Christopher Paolini,3.88
How to win friends and influence people,Dale Carnegie,4.18
The promise - Golden Moments,Danielle Steel,3.71
No Body's Perfect,Kimberly Kirberger,3.98
Pendragon,D.J MacHale,3.94
Macbeth,Shakespeare-Oxford School,3.89
It's all relative -Wizards of Waverly Place,-,4.2
Rescue - Josh msGuire,Ben Mikaelsen,3.92
The Secret Pilgrim,John Le Carre,3.94
The Secret Seven - Secret Seven Mystery,Enid Blyton,3.88
Tell Me Your Dreams,Sidney Sheldon,3.94
7th Heaven,James Patterson,4.08
The Thief,Megan Whalen Turner,4.37
Kane and Abel,Jeffrey Archer,4.29
The Leader WHo had no title,Robin Sharma,3.93
Tinkle Vol 2 No 18,-,4.5
Stay Hungry Stay Foolish,Rashmi Bansal,3.65
Silent Witness,Richard North Patterson,3.77
The Rose and the warrior,Karyn Monk,3.95
The Sands of Time,Sidney Sheldon,3.74
Only Time Will Tell,Jeffrey Archer,4.07
Growing Up,Scharada Bail,3.94
Six Suspects,Vikas Swarup,3.54
Crooked House,Agatha Christie,4.01
Deadly Embrace,Jackie Collins,3.93
The Magical World of Harry Potter,David Colbert,4.03
Artemis Fowl and the Opal Deception,Eoin Colfer,4.05
Artemis Fowl and the Eternity Code,Eoin Colfer,4.05
Artemis Fowl and the Time Paradox,Eoin Colfer,4.07
Percy Jackson and the Sea of Monsters,Rick Riordan,4.24
Percy Jackson and the battle of Labyrinth ,Rick Riordan,4.39
Percy Jackson and the last olympian,Rick Riordan,4.51
Skelton Creek,Ryan's Journal,4.07
Jinx,Meg Cabot,3.71
How to have a beautiful mind,Edward De Bono,3.64
Tinkle Vol 11 No.3,-,4.5
Tinkle Vol 8 No. 11,-,4.5
Madonna,Andrew Morton,3.78
Leadership Handbook,-,3.66
Spiritual Healing,Jack Angelo,4.44
The Bhagavadgita,-,4.42
Terror on Board,"U B Bhat, Sanjive Sharma",4.2
Thinking Course,Edward De Bono,3.85
The art of thinking clearly,Rolf Dobelli,3.83
Airport,Arthur Hailey,3.94
Master of the Game,Sidney Sheldon,4.11
The Fellowship of the ring,J R R Tolkien,4.35
The Prodigal Daughter,Jeffrey Archer,3.94
Kane and Abel,Jeffrey Archer,4.29
The Fountainhead,Ayn Rand,3.86
The Da Vinci Code,Dan Brown,3.82
The Monk Who Sold His Ferrari,Robin Sharma,4
The Girl Who kicked the hornets' nest,Stieg Larsson,4.22
Stone Cold,David Baldacci,4.13
How to win friends and influence people,Dale Carnegie,4.18
Stop Complaining: Start Thinking,J.P. Vaswani,5
The Elusive Flame,Kathleene Woodiwiss,4.02
That cowboy's Kids,Debra Salonen,3.81
The Road Less travelled,M. Scott Peck,4.2
"The fear index, The house of silk, Lethal, The haunting",,3
The Solar System ,Scholastic,4.37
The Sky is Falling,Sidney Sheldon,3.55
Diary of a Wimpy kid(A novel in cartoons),Jeff Kinney,4.75
Diary of a Wimpy kid(Rodrick rules),Jeff Kinney,4.21
Diary of A Wimpy Kid(The Ugly Truth),Jeff Kinney,0
The Count of Monte Cristo,Alexandre Dumas,4.24
The Princess Diaries( After eight),Meg Cabot,3.7
The Princess Diaries,Meg Cabot,3.78
Who Moved My Cheese,Dr. Spencer Johnson,3.78
Sisters,Diana G Gallagher,4.07
Chicken Soup for the Soul,Jack Canfield and Mark Victor Hansen,3.96
The Da Vinci Code,Dan Brown,3.82
Patriot games,Tom Clancy,4.13
The Night train at Deoli and other stories,Ruskin Bond,4.16
Chicken Soup for the Soul(6th bowl),Jack Canfield and Mark Victor Hansen,4.07
Chicken Soup  for the soul(3rd serving),Jack Canfield and Mark Victor Hansen,3.99
Chicken Soup for the Soul(4th serving),Jack Canfield and Mark Victor Hansen,3.99
Oxford beginner's French Dictionary,Oxford,4.5
Easy Way to French,Dr. Sanjay Kumar,3.74
The Adventures Of Tom Sawyer,Mark Twain,3.9
The Jungle Book,Rudyard Kipling,3.93
Treasure Island,Robert Louis Stevenson,3.83
"20,000 leagues under the sea",Jules Verne,3.89
Everyday Letter Writing,T Narayana Iyengar,0
"Ancient Tales of Wit, Wisdom and Humour",S P Sharma,5
Popular Riddles,,3.15
Science Quiz,T Narayana Iyengar,5
Paandi,,3.75
My why book,,4.42
The Venetian Betrayal,Steve berry,3.95
The Prey,Allison Brennan,3.74
Homecoming,Belva Plain,4.04
Honor Thyself,Danielle Steel,3.77
Memoirs of Geisha,Arthur Golden,4.1
Priceless,Sherryl Woods,3.46
The Silent Sea,Clive Cussler,4.1
Strike Force,Dale Brown,4.02
Hannibal ,Thomas Harris,3.75
Cold hearted,Beverly Barton,3.87
Dead before dark,Wendy Corsi Staub,3.99
the collectors,David Baldacci,3.99
Scream For Me,Karen Rose,4.22
The Third Victim,Lisa Gardner,4.16
Lady killer,Lisa Scottoline,3.97
Titanic ,Michael Davie,3.6
"Beyond Ice, Beyond death",Thomas McCall,3.22
Deadline,Sandra Brown,4.07
The Bancroft Strategy,Robert Ludlum,3.81
Memories Of Midnight,Sidney Sheldon,3.7
Know About your body(Body-care),,4.42
The Chess Course,,4.17
Pride and Prejudice(aliied classics),Jane austen,4.25
Embroidery,,3.85
guru Arjan,,0
Space,,4.14
What's under the sea ,Scholastic,4.01
Book of Magical Images,Disney,4.37
This is my House,Richard Scarry,3.5
Sleeping Beauty,Ladybird,3.74
"Life, the universe and everything",Douglas Adams,4.2
Linda Goodman's Sun Signs,Linda Goodman,4.11
Gitanjali,Rabindranath Tagore,4.33
Magic,Isaac Asimov,4.09
Eldest,Christopher Paolini,3.98
Into Thin Air,Jon Krakauer,4.15
The Diary Of A Young Girl,Anne Frank,4.12
Best Stories Of O' Henry,,4.26
"So Long, and thanks for all the Fish",Douglas Adams,4.09
Congo,Michael Crichton,3.58
The Girl who played with Fire,Steig Larsson,4.23
There's Treasure Everywhere( Calvin And Hobbes),Bill Watereson,4.75
New Moon,Stephenie Meyer,3.53
The short second life of bree tanner,Stephenie Meyer,3.5
Harry Potter and the cahamber of secrets,JK Rowling,4.41
Harry Potter and the prisoner of Azkaban,JK Rowling,4.55
Magic for Beginners,Harry baron,3.82
It's A Small World,,4.3
In So Many Words,,4.05
The Other side of me,Sidney Sheldon,3.68
Five point someone,Chetan Bhagat,3.43
The Chronicles of Narnia and the silver chair,C.S.Lewis,3.96
Eight O'clock tales,Enid Blyton,3.79
The Enchanted woods,Enid Blyton,4.25
Afternoon of the elves,Janet Taylor Lisle,3.61
The Magician's Nephew(The Chronicles of Narnia),C.S. Lewis,4.03
Tinkle digest vol. 12 no.2,,4.5
Tinkle digest vol. 10 no. 9,,4.5
Who moved my cheese,Dr Spencer Johnson,3.78
High School Musical,Disney,4.08
The Starbucks Experience,Joseph A Michelli,3.78
Dot to Dot,alka,3.58
long time ago,dhingra,3.92
human to the rescue,amar chitra katha,3.42
Creating with collage,Scholastic,2.94
The pea-blossom,Dreamland,3.83
The test of my life ,Yuvraj Singh,4.08
Jugaad Innovation ,"Navi Radjou, Jaideep Prabhu, Simone Ahuja ",3.61
Life Scripts,,4.06
"The Broker, Sam's Letters to Jennifer, Blood Memory, Mosaic",Reader's Digest Special Edition,3.8
You Can Win,Shiv Khera,3.86
Success Stories,Reader's Digest Collection,4.13
You Can Negotiate Anything,Herb Cohen,3.85
Word Power,Reader's Digest,4.39
Bringing Up Kids,Reader's Digest,4.2
Executive Secretary's Handbook,Pauline Engel,3.68
Word Power 3,Reader's Digest,5
Check Your Own I.Q.,H.J.Eysenck,3.62
Personal Excellence,Ken Shelton,4.05
inspiring people: fifty who made a difference,Reader's digest,3.4
Success stories,Reader's digest,4.13
The fourth estate,Jeffery Archer,3.75
Love Signs,Linda Goodman,4.09
Sheer abandon,Penny Vincenzi,3.72
The DaVinci Code,Dan Brown,4.05
The Echo,Minette Walters ,4.05
1984',George Orwell,4.17
The Iliad ,Homer,3.85
Adultery,Paulo Coelho,3.04
The Da Vinci Code,Dan Brown,3.82
Luka and the Fire of Life,Salman Rushdie,3.62
A Prisoner of Birth,Jeffrey Archer,4.12
Brisingr,Christpher Paolini,4.05
Family Album,Danielle Steel,3.87
Impossible,Danielle Steel,4.08
Wanderlust,Danielle Steel,4.1
Answered Prayers,Danielle Steel,3.84
My journey,A.P.J Abdul Kalam,3.72
The Monk Who Sold His Ferrari,Robin Sharma,4
The Magic of thinking Big,David Schwartz,4.22
Who moved my cheese,Dr. Spencer Johnson,3.78
The Diary Of A Young Girl,Anne Frank,4.12
White Tiger,Aravind Adiga,3.73
Pop goes the weasel,James Patterson,3.99
The best laid plans,Sidney Sheldon,3.68
Critical ,Robin Cook,4.12
The Broker ,John Grisham,3.78
The Da Vinci Code,Dan Brown,3.82
Chicken Soup for the Teenage Soul,"Jack Canfield, Mark Victor Hansen and Kimberly Kirberger",3.92
Seduction by design,Sandra Brown,3.54
Physics of God,Kartikey Singh,4.31
Tinkle Digest Vol.9 No.8,Tinkle,4.5
Inferno,Dan Brown,4.01
Where Rainbows End,Cecelia Ahern,4.34
The 3 mistakes of my life,Chetan Bhagat,2.99
Mahabalipuram,Srinivas- J Prabhakar,4.25
Everyday Pilates,Alycea Ungaro,3.94
Gentle Yoga,Louise Grime,3.98
Total Body Workout,Joan Pagano,4.32
The Village By The Sea,Anita Desai,3.58
Danny the Champion of the World,Roald Dahl,4.08
Asterix and the magic carpet,Goscinny & Uderzo,3.92
Asterix and the Normans,Goscinny & Uderzo,4.13
Asterix and the Secret Weapon,Goscinny & Uderzo,3.69
The Phantom,Goscinny & Uderzo,3.97
Tintin in Tibet,Herge,4.21
Nobody's Child,Hector Malot,4.14
Peter Pan,JM Barrie,4.09
The Mystery Club - Deadly Games,Fiona Kelly,3.61
The Secret Seven - Secret Seven Adventure,Enid Blyton,4.15
The Castle of Adventure,Enid Blyton,4.11
Goosebumps - My Hairiest Adventure,R. L. Stine,3.36
King Arthur and the Knights of the Round Table - Illustrated,Sir Thomas Malory,4.25
Harmony,,3.53
A Treasure Trove of Short stories,S Chakravathi,4.54
A Treasure Trove of Short stories,S Chakravathi,4.54
The Winslow Boy ,Terrence Rattigan,3.76
Joyful living,,4.35
The Hardy Boys - Racing to Disaster,Franklin W Dixon,3.69
The Hardy Boys - Tricks of the Trade,Franklin W Dixon,3.8
The Hardy Boys - Crusade of the Flaming Sword,Franklin W Dixon,3.74
The Hardy Boys - Day of the Dinosaur,Franklin W Dixon,3.67
The Beautiful Pattern ,Enid Blyton,4.17
A short history of the world ,H. G. Wells,3.87
Zen and the art of Motorcycle maintainence ,Robert M Pirsig,3.77
Time Keeper,Mitch Albom,3.86
The Accidental Prime Minister,Sanjaya Baru,3.69
David Copperfield,Charles Dickens,3.98
Most Popular Classics,,3.74
A Girl Like Me,Swati Kaushal,3.54
Tell-A-Story,Enid Blyton,4.01
Tales Of Betsy-May,Enid Blyton,3.71
Pink or Black 2,Tishaa,3.82
"New Zealand, travel guide",,4.19
Pink pages,,4.2
The Famous Five,Enid Blyton,4.08
Ramayana ,C. Rajagopalachari,4.11
Wishful Thinking,Alexdra Bullen,3.62
The Greatness Guide,Robin Sharma,3.91
The Invisible Man,H.G.Wells,3.85
The Water Babies,Charles Kingsley,3.37
Anticipating India ,Shekhar Gupta,3.59
The Time Keeper,Mitch Albom,3.86
The Tales of Beedle and Bard,J.K Rowling,4.08
Fantastic Beasts and where to Find them,J.K Rowling,3.99
Quidditch Through the ages,J.K Rowling,3.86
Alchemist,Paulo Coelho,3.85
Half girlfriend,Chetan Bhagat,3.16
The Racketeer,John Grisham,3.81
Private India,Ashwin Sanghi and James Patterson,3.35
Best Kept Secret,Jeffrey Archer,3.76
Scion of Ikshvaku,Amish Tripathi,3.76
Business at the speed of thought,Bill Gates,3.79
A thousand splendid suns,Khaled Hosseini,4.36
Avenger,Frederick Forsyth,4.38
The Search ,John Battelle,4.35
Gitanjali,Rabindranath Tagore,4.33
The negotiator,Frederick Forsyth,3.97
Putting the one minute manager to work,"Kenneth Blanchard, Robert Lorber",3.94
Made in japan,Akio Morita and Sony,4.04
Don't Sweat The Small Stuff,Richard Carlson,3.88
Future Shock,Alvin Toffler,3.77
Heads and Tails,Maneka Gandhi,4.02
Govinda,Krishna Udayasankar,3.82
Kaurava,Krishna Udayasankar,3.97
Kaurava,Krishna Udayasankar,3.97
Kurukshetra,Krishna Udayasankar,4.09
One Indian Girl,Chetan Bhagat,3.24
An outline of jainism,Muni Rajyash,4.5
Golden Quotes vol-2,Geoffrey Moss,3.83
Book of Hindu names,Maneka Gandhi,3.69
How to interpret your dreams,-,4.67
Jainism ,Herbert Warren,4.31
Acupressure and fitness,H. Bhojraj,5
Speedball Textbook for pen and brush lettering,-,4.33
The book of wisdom Volume-1,Stephen W. K. Tan,3.97
Baby names,Vimla Patil,3.82
My Sandwich,Wendy Blaxland,3.99
Froggy goes to the doctor,Jonathan London,4.05
Aesop's Fables,-,4.05
Guess how much I love you,Sam McBratney,4.36
Pedro and the present,-,3.74
Goldilocks and the three bears,-,4.05
Jack and the beanstalk,-,3.93
Wild Animals,-,4.11
Pocahontas,-,4.01
Safety first,-,3.48
Music player storybook,-,4.17
Handle with Care,Jodi Picoult,3.97
Keeping Faith,Jodi Picoult,3.79
The 8th Habit ,Stephen R. Covey,4
The spy,Paulo Coelho,3.95
Crucial conversations,Patterson. Grenny. McMillan. Switzler,4.01
golden fire,jonathan fast,3.22
Catherine,maureen dunbar,3.91
The siamese cat,phyllis lauder,4.01
voice of the eagle,linda lay shuller,4.18
The north sea,malcom macgarvin,4.1
Acry from the wild,Lissa ruben,4
Hold the dream,Barbara taylor bradford,4.12
Dear Tom,Tom courtenay,3.88
Epigrams,oscar wilde,4.02
The Sister's keeper,jodi picoult,4.07
A Tale of Two Cities,Charles dickens,3.83
Break that code,,4.34
Adventures of Tom Sawyer,,3.9
"Gulliver's travels, part 1",Jonathan Swift,3.56
"Gulliver's travels, part 2",Jonathan Swift,3.56
The Story of My Life,Helen Keller,4.08
Madhubala,Mohandeep,3.62
Meditation and Life,Swami chinmayan,4.12
Jonathan Livingston Seagull,Richard Bach,3.82
Meditate,Swami Muktananda,3.99
Use Your Memory,Tony Buzan,3.79
Ayurveda,,4.08
Bollywood,Ashok Banker,3.73
bollywood melodies,Ganesh Anantharaman,3.7
Absolute Truths,Susan Howatch,4.11
The bridge across forever,Richard Bach,3.89
The Evening News,Arthur Hailey,3.91
Walkabout,Bill Bryson,3.49
Murder in the Cathedral,T.S. Eliot,3.76
Storm in Chandigarh,Nayantara Sahgal,3.25
Skin and other stories,Roald Dahl,4.06
The X files #2,"Kenneth Biller ,Ellen Steiber",3.44
Alias The Pursuit,"Lizzie Skurnick, Michael Vaughn",3.72
The Hardy Boys: Tricks of the Trade,Franklin W Dixon,3.8
Buffy The Vampire Slayer The Angel chronicles vol 1,,4.02
Buffy The Vampire Slayer.The journals of Rupert Giles,Nancy Holder,3.8
Buffy The Vampire Slayer The Angel chronicles vol 3,,4.05
Children's Omnibus,Ruskin Bond,4.26
The Quest of the Missing Map Nancy Drew,Carolyn Keene,3.88
Nancy Drew Ghost Stories,Carolyn Keene,3.73
Nancy Drew The Moonstone Castle Mystery,Carolyn Keene,3.93
Nancy Drew Files Very Deadly Yours,Carolyn Keene,3.64
Nancy Drew Crime in the Queen's Court,Carolyn Keene,3.87
Nancy Drew The Mysterious Image,Carolyn Keene,3.76
Nancy Drew Hit and Run Holiday,Carolyn Keene,3.76
My experiments with truth,M.K. Gandhi,4.07
The Money Launderers,Robert  E Powis,4.2
The Discoverers,Daniel J Borstin,4.34
The private life of Mona Lisa,Pierre La Mure,3.99
The left Hand of God,William E Barrett,3.65
The Quantity Theory Of Insanity,Will Self,3.69
Trinity,Leon Uris,4.24
One Flew Over the Cuckoo's Nest,Ken Kesey,4.19
"The House of the Seven Gables, The Scarlet Letter",Nathaniel Hawthrone,3.45
The Glory ,Herman Wouk,3.99
The Novel ,James A Michener,4.05
In Country,Bobbie Ann Mason,4.13
The Rule of Four,Ian Caldwell and Dustin Thomason,3.22
The Fist of God,Frederick Forsyth,4.01
Deliverance,James Dickey,3.87
The Fountainhead,Ayn Rand,3.86
Lajja,Taslima Nasrin,3.47
Great Expectations,Charles Dickens,3.76
The City Boy,Herman Wouk,4.05
Fiesta,Ernest Heminway,4.11
The Alchemist,Paulo Coelho,3.85
The perks of being a wallflower,Stephen Chbosky,4.2
Shock,Robin Cook,3.77
The guardian ,Nicholas Sparks,4.15
Dear John,Nicholas Sparks,4.03
True Believer,Nicholas Sparks,3.77
The wedding,Nicholas Sparks,3.98
Safe Haven,Nicholas Sparks,4.2
The Notebook,Nicholas Sparks,4.08
Love Story,Nicholas Sparks,3.61
Gerald's Game,Stephen King,3.49
The Secret Seven Secret Seven Mystery,Enid Blyton,3.88
The Famous Five Five on a secret trail,Enid Blyton,3.94
The Famous Five Go to Demon's rocks,Enid Blyton,3.96
The Famous Five Five get into a fix,Enid Blyton,3.93
The Sea of Adventure,Enid Blyton,4.08
The Mystery of the Strange Messages,Enid Blyton,4.03
The Mystery of the Missing Man,Enid Blyton,3.94
The Mystery of the Pantomime Cat,Enid Blyton,3.99
The Mystery of the Vanished Prince,Enid Blyton,3.97
The Mystery of the Hidden House,Enid Blyton,3.98
The Mystery of the Secret Room,Enid Blyton,4.03
The Mystery of the Strange Bundle,Enid Blyton,3.92
The Mystery of the Missing Necklace,Enid Blyton,3.97
The Mystery of the Disappearing Cat,Enid Blyton,3.94
Sweet Valley High Perfect Summer,Francine Pascal,3.56
Sweet Valley High Malibu High,Francine Pascal,3.57
Sweet Valley High Spring Break,Francine Pascal,3.61
Sweet Valley High Winter Carnival,Francine Pascal,3.56
Sweet Valley High Dear Sister,Francine Pascal,3.53
Sweet Valley High Too Good to be True,Francine Pascal,3.41
Sweet Valley High Model Flirt,Francine Pascal,3.57
Sweet Valley High Deceptions,Francine Pascal,3.45
Sweet Valley High Love Letters For Sale,Francine Pascal,3.54
Sweet Valley High Out of Control,Francine Pascal,3.35
Sweet Valley High Memories,Francine Pascal,3.48
Sweet Valley High Brokenhearted,Francine Pascal,3.54
Sweet Valley High Saga the Wakefield Legacy The Untold Story,Francine Pascal,3.94
Sweet Valley High Are we in Love,Francine Pascal,3.38
SVH Can't Stay Away,Francine Pascal,3.61
SVH Stay or Go,Francine Pascal,3.41
"Sweet Valley Jr, High True Blue",Francine Pascal,3.53
Two of a kind How to flunk your first date,Mary-kate Olsen Ashely Olsen,3.53
Two of a kind Shore Thing,Mary-kate Olsen Ashely Olsen,3.62
Two of a kind Hocus Pocus,Mary-kate Olsen Ashely Olsen,3.7
Two of a kind The Facts about flirting,Mary-kate Olsen Ashely Olsen,3.42
So little time boy crazy,Mary-kate Olsen Ashely Olsen,3.44
When Moms Attack,Lizzie McGuire,3.74
The Lizzie McGuire Movie,Lizzie McGuire,3.87
Mirror Mirror,Lizzie McGuire,3.28
Nancy Drew The Teen Model Mystery,Carolyn Keene,3.79
Nancy Drew Mystery By Moonlight,Carolyn Keene,3.89
Nancy Drew The Twin Dilemma,Carolyn Keene,3.87
The Nancy Drew Files Choosing Sides,Carolyn Keene,3.58
The Nancy Drew Files The Cheating Heart,Carolyn Keene,3.66
Nancy Drew on Campus Getting Closer,Carolyn Keene,3.23
Nancy Drew on Campus False Friends,Carolyn Keene,3.26
The Mystery of the Stolen Statues,Maya S. Achar,3.95
The Wedding Wager,Cathy Maxwell,3.55
A country Christmas,Jackie Weger,4
Other Women ,Lisa Alther,3.46
Stolen Kisses,Kate Dononvan,3.75
Three outback Brides (3 in 1),"Margaret Way , Barbara Hannay, Amy Andrews",4.06
The Notorius Gabriel Diaz,Cathy Williams,3.56
A pawn in the playboy's Game,Cathy Williams,3.01
My Secret Wife,Cathy Gillen Thacker,3.33
The lion Rock,Sally Wentworth,2.41
Best Friends,Lynda Trent,3.5
Fortune is a Woman,Elizabeth Adler,4.23
Broken Threads,Tessa Barclay,3.8
Sicilian Vengeance,Sara Wood,3
Falling for the enemy,Shawna Delacorte,3.99
Beloved Mercenary,Helen R Myers,2.5
Shut up and Kiss Me,Sara Orwig,3.85
Hostile Engagement,Jessica Steele,2.9
Once and for Always,Stella Cameron,4.21
Baby-sitters on Board,Ann M. Martin,3.86
Just as Long as We're together,Judy Blume,4.07
The first Woman Doctor,Rachel Baker,3.9
The Complete Adventures of Feluda Volume 2,Satyajit Ray,4.55
The omen,David Selttzer,4
The battle of Evernight,Cecilia Dart Thornton,3.73
QBVII,Leon Uris,4.18
Alias Free Fall,Christa Roberts,3.7
GoodBye Doesn't mean forever,Lurlene McDaniel,4.07
Precious Pretender,Stella Bagwell,3.57
Prom Time Sabrina the Teenage Witch,Bobbi JG Weiss and David Cody Weiss,3.48
Aesops Fables,-,4.05
My Book of Goodnight Stories,-,4.06
In the King's shoes & The Smelly Little Dog,-,3.71
What do you do with a Grumpy Kangaroo?,-,3.39
The wonderland of AIr,RK Murthi,0
Grandma's Stories,-,4.37
The Book Of Earth,Tony Wolf,3.98
More Aesop's Fables,-,5
Unlikely Friendships,Jennifer S. Holland,3.93
"Mad, Bad & Dangerous to Know",Ranulph Fiennes,3.98
Touching Distance,Graham Hurley,4.23
Mrs Hemingway,Naomi Wood,3.82
Bridget Jones's Diary,Helen Fielding,3.76
Briainstorm,Daniel J Siegel,3.79
Neither Here Nor There,Bill Bryson,3.87
Shakespeare,Bill Bryson,3.74
The Full Cupboard of Life,Alexander McCall Smith,4.02
A Mother's Scarifice,Kitty Neale,4.14
A Daugher's Disgrace,Kitty Neale,4.29
NYPD Red 4,James Patterson & Marshall Karp,4
Angela's Ashes,Frank McCourt,4.09
Inglorious,Joanna Kavenna,2.82
Maximum Security,Robert Muchamore,4.26
The Killing,Robert Muchamore,4.05
Eagle Day,Robert Muchamore,4.12
Mystic River,Dennis Lehane,4.18
Anybody Out There,Mairian Keyes,3.91
The Money Diet,Martin Lewis,4.04
The Lake House,Kate Morton,4.05
The Know,Martina Cole,4.18
Birds of Prey,Wilbur Smith,4.18
Home conversions The complete Handbook,-,2
Geronimo Stilton The Kingdom of Fantasy,-,4.6
Would you believe cobwebs stop wounds bleeding,Richard Platt,5
The Intelligent Investor,Benjamin Graham,4.23
The Adevntures of Tom Sawyer,Mark Twain retold by Marie Coghill ,3.9
Laughter the best medicine,-,3.69
About Greece,-,4.18
Superstar India,Shobhaa De,2.73
Children's Knowledge Bank 6,"Sunita Gupta, Nina Agarawal",4.29
Elementary Chinese Part 1,-,4
Teach Yourself Portugese,-,3.6
Hawaii,James A Michener,4.2
Dinner at Antoine's,Frances Parkinson Keyes,3.7
The Don Flows Home To The Sea,Mikhail Sholokhov,4.18
The Golden Hand,Edith Simon,3.9
Death of A Citizien,Donald Hamilton,3.9
The Carpetbaggers,Harold Robbins,3.93
A Thunder At Dawn,Jack Hoffenberg,4.1
Of Human Bondage,W. Somerset Maugham,4.13
When Eight Bells Toll,Alistair Maclean,3.97
Let Love Come Last,Taylor Caldwell,3.75
Jonathan Livinston Seagull,Richard Bach,3.82
Moby Dick,Herman Melville,3.49
Great Expectations,Charles Dickens,3.76
The Count of Monte Cristo,Alexandre Dumas,4.24
Hang the Men High,Noel Loomia and Paul Leslie Peil,0
David Copperfield,Charles Dickens,3.98
Billy The Kid,Edwin Corle,3.99
Sherlock Holmes: His Last Bow,Sir Arthur Conan Doyle,3.86
Jane Eyre,Charlotte Bronte,4.11
Tom Brown's Schooldays,Thomas Hughes,3.39
Army Without Banners,Ernie O'Malley,0
The Tao of Pooh,Benjamin Hoff,4.02
Havoc By Accident,Georges Simenon,4
The Ambassadors,Henry James,3.65
The Odyssey,Homer,3.75
Jane Eyre,Charlotte Bronte,4.11
The Secret of Phantom Lake,Alfred Hitchcock,3.78
The Heart of A goof,P.G. Wodehouse,3.93
The Wind in the Willows,Kenneth Grahame,3.99
The Glass Blowers,Daphne DuMaurier,3.61
Mission to Malaspiga,Evelyn Anthony,3.45
The Godfather,Mario Puzo,4.37
The Annotated Alice,Lewis caroll,3.91
The Road to Gandolfo,Robert Ludlum,3.64
The Winter of Our Discontent,John Steinbeck,3.99
The Human Factor,Graham Greene,3.92
The Crash of 79,Paul E. Erdman,3.69
The Mother,Pearl S. Buck,3.84
The Arabs,Anthony Nutting,4.18
Masterman Ready,Captain Marryat,3.7
The Woman and The Sea,Mary Ellen Chase,3.88
Drink with the Devil,Jack Higgins,3.85
The Pickwick Papers,Charles Dickens,3.83
Flight Into Camden,David Storey,3.2
Lev Tolstoy,Victor Shklovsky,4.21
Black Boy,Richard Wright,4.05
The Lives of A Bengal Lancer,Francis Yeats Brown,3.51
Pilgrim's Progress,John Bunyan,3.99
Verse,John Updike,3.71
Stories from the bible,Blanche Wilson,3.78
Living Truth,-,4.32
Overcoming Rheumatism and Arthritis,Phyllis Speight,0
Physical fitness,Royal Canadian Airforce,4.12
The Enabler when helping harms the one you love,Angelyn Miller,4
Nursing,British Red Cross Society,4.11
Natural Remedies for Health and Well Being,Enrique Garza,3.96
World-Famous Great Lives Vol 2,Ajay Kumar Kothari and Vishwa Mithra Sharma,0
How to Play Chess,R. L. Mitchell,3.57
Chess,-,4.29
Badminton,-,3.67
Everybodys Book of Facts,-,4
Mathemagic,Raymond Blum,3.94
Numbers for Fun,K.R.K Murthy,0
You be the Detective,-,3.63
Who Dunnit,-,3
501 fascinating Facts,-,3.92
Book of Facts,-,4.13
Car Care,-,3.63
Basketball,-,3.98
10 minute Card Games,William A. Moss,3.5
The Guide to the Night Sky,P N Shankar,4.08
The Animal Kingdom,Sali Money,3.87
Delhi,-,3.76
The Famous Five Go on Television,Enid Blyton,3.62
The hunchback of Notre-Dame,Victor Hugo,3.99
David Copperfield,Charles Dickens,3.98
All about Birds,-,4.09
Five go to Mystery Moor,Enid Blyton,3.96
Through the Looking Glass,Lewis Caroll,4.07
The Mystery of the Spiteful Letters,Enid Blyton,4.02
Good Old Secret Seven,Enid Blyton,3.81
Best of Sherlock Holmes,Sir Arthur Conan Doyle,4.23
The Four Cousins,Enid Blyton,3.85
Journeys of Exploration,R. K. Murti,4.21
Nancy Drew and Hardy Boys The Secret of the Knight's Sword,Carolyn Keene and Franklin Dixon,3.67
Secret Seven on the Trail,Enid Blyton,3.82
Wizard's first rule,Terry Goodkind,4.14
Stone of Tears,Terry Goodkind,4.11
Faith of the fallen,Terry Goodkind,4.12
Soul of the fire,Terry Goodkind,3.87
Temple of the Winds,Terry Goodkind,4.03
Blood of the Fold,Terry Goodkind,3.99
Pleading Guilty,Scott Turow,3.75
Chronicles of Avonlea,L. M. Montgomery,3.92
Anne of the Island,L. M. Montgomery,4.22
Anne of Windy Poplars,L. M. Montgomery,4.07
Anne's House of Dreams,L. M. Montgomery,4.13
Anne of Ingleside,L. M. Montgomery,4.05
Those in Peril,Wilbur Smith,3.5
Predator,Wilbur Smith with Tom Cain,3.68
Golden Lion,Wilbur Smith with Giles Kristian,3.77
A time to Die,Wilbur Smith,4.38
The Quest,Wilbur Smith,4.23
Ford County Stories,John Grisham,3.61
Playing for Pizza,John Grisham,3.43
The Street Lawyer,John Grisham,3.83
The Appeal,John Grisham,3.59
Redemption,Leon Uris,4.37
A God in Ruins,Leon Uris,3.93
A Most Wanted Man,John Le Carre,3.49
Absolute Friends,John Le Carre,3.61
The Constant Gardener,John Le Carre,3.79
Single & single,John Le Carre,4.1
Our Game,John Le Carre,3.7
Detective,Arthur Hailey,3.77
Jailbird,Kurt Vonnegut,3.81
One Day,David Nicholls,3.78
A Season in Hell,Jack Higgins,4.12
HomeLand,John Jakes,4.28
The Killing Kind,John Connolly,4.23
A Prayer for Owen Meany,John Irving,4.23
The Man,Irving Wallace,3.75
The World's Greatest Short Stories,-,3.78
Centered Leadership,Joanna Barsh,4.09
Param Vir Our Heroes in Battle,Maj. Gen. Ian Cardozo,4.6
Captain Courageous,Rudyard Kipling,3.89
The Writing on My Forehead,Nafisa Haji,3.84
Bombay Rains Bombay Girls,Anirban Bose,3.33
Way to Go,Upamanyu Chatterjee,3.46
I shall not hear the nightingale,Khushwant Singh,3.61
Imagining India,Nandan Nilekani,3.83
Entry from backside only hazaar fundas of indian-english,Binoo K John,2.83
Kardamom Kisses,Shinie Antony,2.38
Above Average,Amitabh Bagchi,2.73
Light for my Path,-,4.36
Horizontal Paths,Phyllis Marteis,0
Monty - His Part in Victory,Spike Milligan,4.16
Reign in Hell,William Diehl,3.92
Rachel's Child,Jennifer Taylor,3
The Girl with the Dragon Tattoo,Steig Larsson,4.13
Lost in the Wild,Gail Douglas,3.99
Jian,Eric Van Lusrbader,4.11
Chasing Harry Winston,Lauren Weidberger,3.33
Everyone worth Knowing,Lauren Weidberger,3.4
The Other Brother,Jessica Steele,4.23
Hot Pursuit,Christina Skye,4.21
The Princess,Jude Deveraux,4.26
Troubadour,Patricia Potter,3.33
Autumn Harvest,Angel Milan,3.06
What to do about Baby,Martha Hix,3.09
The Wicked Duke Takes a Wife,Jillian Hunter,3.79
Belated Bride,Karen Hawkins,3.76
Lingering Shadows,Penny Jordan,3.23
The Stand In,Kate Clemens,4.34
Resolutions,Maxine Barry,4.13
Drop Dead Gorgeous,Linda Howard,3.9
The Perfect Stranger,Barbara Ankrum,3.54
Just Like A Man,Elizabeth Bevarly,3.37
The Duke,Catherine Coulter,4.1
Prelude to Freedom,Elizabeth Renier,4
Dead Aim,Iris Johansen,4.03
Memories of Another Day,Harold Robbins,3.67
A Rogue in Texas,Lorraine Heath,3.86
Lovestruck,Stephanie Bond,3.77
To Die For,Linda Howard,4.33
A Fine Passion,Stephanie Laurens,4.06
Valley of Silence,Nora Roberts,4.22
The Stanislaski Brothers - Mikhail and Alex,Nora Roberts,4.06
Tears of the Moon,Nora Roberts,4.19
Jewels of the Sun,Nora Roberts,4.22
Stars,Nora Roberts,4.24
Key of Knowledge,Nora Roberts,4.11
Face the Fire,Nora Roberts,4.15
Skin Deep,Nora Roberts,3.99
Morrigan's Cross,Nora Roberts,4.14
Red Lily,Nora Roberts,4.07
Blue Dahlia,Nora Roberts,4.12
Blood Brothers,Nora Roberts,4.16
The Hollow,Nora Roberts,3.75
Northern Lights,Nora Roberts,3.99
Homeport,Nora Roberts,3.87
Black Rose,Nora Roberts,4.05
The MacGregor Brides,Nora Roberts,4.08
Sea Swept,Nora Roberts,4.24
Blue Dahlia,Nora Roberts,4.12
Dance of the Gods,Nora Roberts,4.14
Heaven and Earth,Nora Roberts,4.14
The Stanislaski Sisters - Natasha and Rachel,Nora Roberts,4.05
The MacGregor Grooms,Nora Roberts,4.1
Key of Light,Nora Roberts,4.17
Dangerous,Nora Roberts,3.82
Divine Evil,Nora Roberts,3.84
Key of Valor,Nora Roberts,4.11
Toxic Bachelors,Danielle Steel,3.67
Once in a Lifetime,Danielle Steel,3.89
Going Home,Danielle Steel,3.69
The Ghost,Danielle Steel,4.22
Alone in Paris,Barbara Cartland,3.46
Who Can Dany Love,Barbara Cartland,3.23
The Disgraceful Duke,Barbara Cartland,3.52
Magic or Mirage,Barbara Cartland,3.45
Wait till Your Vampire Gets Home,Michele Bardsley,4.14
Because Your Vampire Said So,Michele Bardsley,4.08
Don't Talk Back to Your Vampire,Michele Bardsley,4.09
"I'm the Vampire, That's Why",Michele Bardsley,3.87
Come Hell or High Water,Michele Bardsley,4.13
Cross Your Heart,Michele Bardsley,4.23
The Problems of Love,Barbara Cartland,3.73
The Sinful Nights of a Nobleman,Jillian Hunter,3.96
The Wicked Games of a Gentleman,Jillian Hunter,3.99
Twin of Ice,Jude Deveraux,3.96
Into the Night,Suzanne Brockmann,4.32
The Sherbrooke Twins,Catherine Coulter,3.88
Sarkhan,William J. Lederer and Eugene Burdick,3.75
Indiscreet,Kasey Michaels,3.63
Me and Mr Darcy,Alexandra Potter,3.22
The Ideal Wife,Mary Balogh,4.26
The Prey,Allison Brennan,3.74
Hot Ice,Nora Roberts,3.69
The Girl who Kicked the Hornets' Nest,Stieg Larsson,4.22
The Private Eye,Jayne Ann Krentz,4.2
Killjoy,Julie Garwood,4.01
The Target,Catherine Coulter,4.07
Courting Trouble,Lisa Scottoline,3.69
Touch Me With Fire,Jeanne Montague,3.76
Into the Storm,Suzanne Brockmann,4.18
Terminal,Robin Cook,3.36
One Knight Only,Julia Latham,4
Stinger,John Nichol,4.16
The Hunters,Alan Stratton,3.7
Silke,Lacey Dancer,3.41
Out of Control,Candace Schuler,4.29
The Carpetbaggers,Harold Robbins,3.93
Lone Wolf's Lady,Beverly Barton,3.55
Hijacked Heart,Sally Cook,2.75
Betrayal,Karin Alvtegen,4.08
Where Love Has Gone,Harold Robbins,3.64
Zero,Eric Lustbader,3.76
Whisper of Evil,Kay Hooper,4.23
Once a Thief,Kay Hooper,4.02
The Malaspiga Exit,Evelyn Anthony,3.45
A Move in the Game,Kathleen Conlon,3.92
I Thee Wed,Amanda Quick,3.84
Undead and Unwed,Mary Janice Davidson,3.82
Into the Storm,Suzanne Brockmann,4.18
My Man Pendleton,Elizabeth Bevarly,3.4
Good Thinking,Ram Mahtani,3.7
2 States,Chetan Bhagat,3.42
The ABC's of 1-2-3,Judd Robbins,3.84
What's Your Pleasure,Julie Elizabeth Leto,3.5
Sinful Truths,Anne Mather,2.82
The Clayborne Brides,Julie Garwood,3.86
Stronger Than Yearning,Penny Jordan,3.03
Passion & Poppadoms,Nisha Minhas,3.89
Devil in Winter,Lisa Kleypas,4.25
Autumn Fries,Ruby M. Ayres,0
Under the Boardwalk,Carly Phillips,3.78
The Conqueror,Georgette Heyer,3.89
Jackie Merritt,Tennessee Waltz,3.22
Pressure Points,Larry Brooks,3.45
Rules of Engagement,Christina Dodd,3.84
Desire,Amanda Quick,3.98
East of Desolation,Jack Higgins,3.54
The Eleventh Commandment,Jeffrey Archer,3.87
Sons of Fortune,Jeffrey Archer,3.85
The Sins of the Father,Jeffrey Archer,4.05
To cut a Long Story Short,Jeffrey Archer,3.74
False Impression,Jeffrey Archer,3.72
Dumb Witness,Agatha Christie,3.83
Halloween Party,Agatha Christie,3.75
Double Sin and other Stories,Agatha Christie,3.82
They Came to Baghdad,Agatha Christie,3.79
They Came to Baghdad,Agatha Christie,3.79
Murder on the Links,Agatha Christie,3.82
Mrs. McGinty's Dead,Agatha Christie,3.83
The Regatta Mystery,Agatha Christie,3.96
The Winner,David Baldacci,4.01
Wish you well,David Baldacci,3.96
Zero Day,David Baldacci,4
Hour game,David Baldacci,3.96
Split Second,David Baldacci,3.93
Last Man Standing,David Baldacci,4.05
The Chamber,John Grisham,4.41
The Chamber,John Grisham,4.41
The Confession,John Grisham,3.63
The Street Lawyer,John Grisham,3.83
The Litigators,John Grisham,3.79
Susanne's Diary for Nicholas,James Patterson,4.16
The Aquitaine Progression,Robert Ludlum,3.93
The Altman Code,Robert Ludlum,3.94
The Janson Directive,Robert Ludlum,3.86
The Matarese Circle,Robert Ludlum,4.04
The Bourne Ultimatum,Robert Ludlum,4.05
Digital Fortress,Dan Brown,3.63
City of Bones,Michael Connelly,4.11
Blood Work,Michael Connelly,4.12
A Darkness More Than Night,Michael Connelly,4.14
Fall of Giants,Ken Follet,4.28
Detective,Arthur Hailey,3.77
The Afghan,Frederick Forsyth,3.67
The Afghan,Frederick Forsyth,3.67
Murder She Wrote,James Anderson,3.84
You Belong to Me,Mary Huggins Clark,3.86
Don't Cry,Beverly Barton,4.09
Kat Scratch Fever,Karen Kijewski,3.98
Grand Jury,Philip Friedman,3.34
Scarlett,Alexandra Ripley,3.45
Where you Belong,Barbara Taylor Bradford,3.44
Harry Potter and the Order of Phoenix,J. K. Rowling,4.48
Harry Potter and the Deathly Hallows,J. K. Rowling,4.63
The Horse Whisperer,Nicholas Evans,3.8
The Story of My Experiements with Truth,M. K Gandhi retold my Nandini Nayar,4.07
The 3 mistakes of my Life,Chetan Bhagat,2.99
The Argumentative Indian,Amartya Sen,3.8
Islam,Alfred Guillaume,3.86
